<?xml version="1.0" encoding="UTF-8"?>
<project-private xmlns="http://www.netbeans.org/ns/project-private/1">
    <editor-bookmarks xmlns="http://www.netbeans.org/ns/editor-bookmarks/2" lastBookmarkId="0"/>
    <open-files xmlns="http://www.netbeans.org/ns/projectui-open-files/2">
        <group>
            <file>file:/C:/Users/ayobami/Documents/NetBeansProjects/MedicalImage_Compression_Security/src/controller/CompressionFXMLController.java</file>
            <file>file:/C:/Users/ayobami/Documents/NetBeansProjects/MedicalImage_Compression_Security/src/controller/DecompressionFXMLController.java</file>
            <file>file:/C:/Users/ayobami/Documents/NetBeansProjects/MedicalImage_Compression_Security/src/controller/AcquisitionFXMLController.java</file>
            <file>file:/C:/Users/ayobami/Documents/NetBeansProjects/MedicalImage_Compression_Security/src/controller/FXMLDocumentController.java</file>
            <file>file:/C:/Users/ayobami/Documents/NetBeansProjects/MedicalImage_Compression_Security/src/controller/DecryptionFXMLController.java</file>
            <file>file:/C:/Users/ayobami/Documents/NetBeansProjects/MedicalImage_Compression_Security/src/controller/EncryptionFXMLController.java</file>
        </group>
    </open-files>
</project-private>
